{
  "n_pairs": 32,
  "het_deltas": [
    -0.047530806269806165,
    -0.01769598479064037,
    -0.04038483688269205,
    -0.0006456835966172849,
    -0.03940494862240747,
    -0.05309764661370919,
    -0.007738685328855819,
    0.0020647290229023774,
    -0.10422221879731408,
    -0.04103589388431224,
    -0.0329415339323183,
    -0.14321937275405155,
    -0.08731926029239574,
    -0.03631603624613982,
    -0.045028745282645125,
    -0.048505226161975355,
    -0.08246833162071537,
    -0.05045772369808437,
    -0.09040659211402094,
    -0.06862005425641185,
    -0.0505702066610991,
    -0.08635588388805708,
    -0.048504154829282664,
    -0.0924424329244401,
    -0.08535524814631718,
    0.00042963852304962004,
    -0.06083011499494026,
    -0.1285090432518415,
    0.010178413306366731,
    -0.09384839900911617,
    -0.032445066920080035,
    -0.02729456431929419
  ],
  "eu_deltas": [
    0.030632180897720265,
    0.01649866885732378,
    0.014839288640398417,
    0.049149755196350786,
    0.05347851845276943,
    0.02971488125587447,
    0.03899222021853344,
    0.017399694990901785,
    -0.016418154521325126,
    0.009128971613740539,
    0.056847004832893046,
    0.013864551330306264,
    -0.020168968118958436,
    0.00799644305376924,
    0.009891750327966436,
    0.10941171953559875,
    0.010137051827418829,
    0.021751732866379922,
    0.07748111456827311,
    0.02647708129501771,
    0.03502111293323245,
    0.036820957609882445,
    0.028550061231309706,
    0.050069843781465374,
    0.05627498745769212,
    0.08116400812350416,
    0.06073955740514307,
    0.008624092508467275,
    0.03320857451948414,
    -0.00646003898390752,
    0.013751515070031903,
    0.06812036031477052
  ],
  "global_deltas": [
    0.02046163754212795,
    0.0046582745626442814,
    0.004578014901593354,
    0.03526975133650206,
    0.013688265013001195,
    0.015892499815463174,
    0.025165387621644275,
    0.018644617579768277,
    -0.04428739726559105,
    -0.017508458340527007,
    0.02304034479391279,
    -0.06384862480173328,
    -0.04326839656471356,
    -0.013265398346956586,
    -0.003177034833136204,
    0.037889263782583074,
    -0.011519215431084402,
    0.0075996449914356775,
    0.0019458203483484727,
    0.012233043728636461,
    -0.003133732743271889,
    -0.020907417948942287,
    0.019887694455887797,
    -0.02113007265583363,
    0.03079872212315408,
    0.05777244422768153,
    0.0015177607663129044,
    -0.026290409982249005,
    0.037270762676123524,
    -0.0486315500473073,
    -0.0011707851178929462,
    0.02791789020143285
  ],
  "het_mean": -0.05407880985116446,
  "p_het": 3.489698538368975e-09
}