{
  "C>A": {
    "z1_rate": 0.23715347849176846,
    "z3_rate": 0.22216856479804686,
    "ratio": 0.9368134349577263,
    "or": 0.9187657348589052,
    "p": 1.3999509447382266e-09,
    "z1_n": 11164,
    "z3_n": 16562
  },
  "C>G": {
    "z1_rate": 0.13998937865108868,
    "z3_rate": 0.14240680376138543,
    "ratio": 1.0172686323318998,
    "or": 1.020136158271357,
    "p": 0.2403984012513681,
    "z1_n": 6590,
    "z3_n": 10616
  },
  "C>T": {
    "z1_rate": 0.4734784917684546,
    "z3_rate": 0.5007042536923015,
    "ratio": 1.0575015811640314,
    "or": 1.1151653736072389,
    "p": 2.226679220122117e-20,
    "z1_n": 22289,
    "z3_n": 37326
  },
  "T>C": {
    "z1_rate": 0.10139139670738184,
    "z3_rate": 0.09465169624532174,
    "ratio": 0.9335278861823845,
    "or": 0.9265784079542193,
    "p": 0.00011594825977769299,
    "z1_n": 4773,
    "z3_n": 7056
  },
  "T>G": {
    "z1_rate": 0.047987254381306424,
    "z3_rate": 0.04006868150294445,
    "ratio": 0.8349859148964631,
    "or": 0.8280980295945588,
    "p": 4.6504905735125345e-11,
    "z1_n": 2259,
    "z3_n": 2987
  }
}