{
  "n_variants": 26232401,
  "counts": {
    "Z1": 7340789,
    "Z2": 12962399,
    "Z3": 5929213
  },
  "window_counts": {
    "z1": 60829,
    "z2": 103631,
    "z3": 43522
  },
  "rate_z1": 120.67910042907165,
  "rate_z2": 125.08225337978018,
  "rate_z3": 136.23484674417537,
  "z3_z1_ratio": 1.1289017423878338,
  "chi2": 370.411924079593,
  "p": 1.522318758418961e-82,
  "cancer_ratio": 1.5543898081868615,
  "interpretation": "Z3_enriched_confirmed"
}