{
  "all": {
    "label": "ALL 353",
    "n": 346,
    "zone_counts": {
      "Z1": 55,
      "Z2": 185,
      "Z3": 106
    },
    "chi2": 20.765871685438217,
    "p_chi2": 3.095624374349626e-05,
    "z1_or": 0.5322528798113351,
    "z1_p": 5.468387393806145e-06,
    "z3_or": 1.3714918839107701,
    "z3_p": 0.008385328830472097,
    "mean_resid": -0.8818983806395579,
    "std_resid": 1.2572070150537806
  },
  "positive": {
    "label": "POSITIVE (193, hypermeth)",
    "n": 190,
    "zone_counts": {
      "Z1": 32,
      "Z2": 85,
      "Z3": 73
    },
    "chi2": 22.628503664300798,
    "p_chi2": 1.2197838035299391e-05,
    "z1_or": 0.5703496912316631,
    "z1_p": 0.0028642324775995792,
    "z3_or": 1.9374728113301638,
    "z3_p": 1.9622740872284257e-05,
    "mean_resid": -0.990270288356688,
    "std_resid": 1.3432260764119357
  },
  "negative": {
    "label": "NEGATIVE (160, hypometh)",
    "n": 156,
    "zone_counts": {
      "Z1": 23,
      "Z2": 100,
      "Z3": 33
    },
    "chi2": 15.265446117090255,
    "p_chi2": 0.00048434017435605714,
    "z1_or": 0.48699501361274994,
    "z1_p": 0.0007171225418695058,
    "z3_or": 0.8331197822191516,
    "z3_p": 0.40120434282643136,
    "mean_resid": -0.7499069545738224,
    "std_resid": 1.1297807360679968
  },
  "n_mapped": 346,
  "n_missed": 7,
  "genome_zone_counts": {
    "Z1": 152519,
    "Z2": 287733,
    "Z3": 141776
  },
  "genome_total": 582028,
  "note": "hg18 positions mapped to hg38 zones with \u00b12 bin tolerance"
}