{
  "exp1_r_at_vs_Ev": 0.24626658998146955,
  "exp1_p": 0.2952597216205143,
  "exp2_seed_stability_wins": 12,
  "exp3_combined_R2": 0.12139840546175472,
  "exp6_r_weights_AT": -0.10419477007320443,
  "exp6_linear_R2": 0.31143172545849207,
  "P_fingerprint": 0.01904481748465196
}