{
  "matched": 997,
  "median_z3": 1.5294117647058822,
  "p_value": 0.40408210912701303,
  "high_z3_survival_days": 912.0,
  "low_z3_survival_days": 825.5
}